{"cameraMode":{"drawMode":0,"name":"Shaded","section":"Shading Mode"},"sceneLighting":false,"audioPlay":false,"sceneViewState":{"m_AlwaysRefresh":false,"showFog":true,"showSkybox":false,"showFlares":true,"showImageEffects":true,"showParticleSystems":true,"showVisualEffectGraphs":true,"m_FxEnabled":false},"in2DMode":false,"pivot":{"x":-0.24335002899169923,"y":0.6906239986419678,"z":-2.147719144821167},"rotation":{"x":-0.060181938111782077,"y":0.3688480257987976,"z":-0.023929782211780549,"w":-0.9272449016571045},"size":1.3065687417984009,"orthographic":false}