{"cameraMode":{"drawMode":0,"name":"Shaded","section":"Shading Mode"},"sceneLighting":false,"audioPlay":false,"sceneViewState":{"m_AlwaysRefresh":false,"showFog":true,"showSkybox":false,"showFlares":true,"showImageEffects":true,"showParticleSystems":true,"showVisualEffectGraphs":true,"m_FxEnabled":false},"in2DMode":false,"pivot":{"x":-0.11115314066410065,"y":0.7095335721969605,"z":0.7665350437164307},"rotation":{"x":0.0004231742932461202,"y":0.9914655089378357,"z":-0.13043783605098725,"w":0.0032749713864177467},"size":0.6349900960922241,"orthographic":false}