{"cameraMode":{"drawMode":0,"name":"Shaded","section":"Shading Mode"},"sceneLighting":false,"audioPlay":false,"sceneViewState":{"m_AlwaysRefresh":false,"showFog":true,"showSkybox":false,"showFlares":true,"showImageEffects":true,"showParticleSystems":true,"showVisualEffectGraphs":true,"m_FxEnabled":true},"in2DMode":false,"pivot":{"x":-1.5302544832229615,"y":-0.017932891845703126,"z":14.159516334533692},"rotation":{"x":-0.6883777976036072,"y":0.009134224615991116,"z":-0.008673448115587235,"w":-0.7252668142318726},"size":23.777517318725587,"orthographic":false}