{"cameraMode":{"drawMode":0,"name":"Shaded","section":"Shading Mode"},"sceneLighting":false,"audioPlay":false,"sceneViewState":{"m_AlwaysRefresh":false,"showFog":true,"showSkybox":false,"showFlares":true,"showImageEffects":true,"showParticleSystems":true,"showVisualEffectGraphs":true,"m_FxEnabled":true},"in2DMode":false,"pivot":{"x":-15.852210998535157,"y":1.1407628059387208,"z":52.97605895996094},"rotation":{"x":-0.6719218492507935,"y":0.0037750035990029575,"z":-0.003425583941861987,"w":-0.7406085729598999},"size":42.82438659667969,"orthographic":false}