{"cameraMode":{"drawMode":0,"name":"Shaded","section":"Shading Mode"},"sceneLighting":false,"audioPlay":false,"sceneViewState":{"m_AlwaysRefresh":false,"showFog":true,"showSkybox":false,"showFlares":true,"showImageEffects":true,"showParticleSystems":true,"showVisualEffectGraphs":true,"m_FxEnabled":true},"in2DMode":false,"pivot":{"x":-0.11022663116455078,"y":-1.1048245429992676,"z":-0.12325096130371094},"rotation":{"x":0.017144501209259034,"y":0.35081031918525698,"z":-0.006423879414796829,"w":0.9362785220146179},"size":6.52325963973999,"orthographic":false}