{"cameraMode":{"drawMode":0,"name":"Shaded","section":"Shading Mode"},"sceneLighting":false,"audioPlay":false,"sceneViewState":{"m_AlwaysRefresh":false,"showFog":true,"showSkybox":false,"showFlares":true,"showImageEffects":true,"showParticleSystems":true,"showVisualEffectGraphs":true,"m_FxEnabled":true},"in2DMode":false,"pivot":{"x":-0.12459944188594818,"y":-0.0074770450592041019,"z":-0.013891130685806275},"rotation":{"x":-0.6222745180130005,"y":-0.2970673441886902,"z":0.27610278129577639,"w":-0.6695697903633118},"size":0.9684475660324097,"orthographic":false}